Material,Struct,δ_exp,fG_struct,δ_pred,Error_%
Fe,BCC,0.18,0.02709326599840072,0.17731683835980028,1.490645355666509
W,BCC,0.16,0.02709326599840072,0.16234916611209846,1.4682288200615345
Cu,FCC,0.1,0.1013885879680158,0.1043024954515229,4.3024954515228915
Al,FCC,0.1,0.1013885879680158,0.10000024536700225,0.0002453670022439791
Ni,FCC,0.11,0.1013885879680158,0.09752839450244716,11.337823179593492
Ti,HCP,0.1,0.13656351017665957,0.10918211164960931,9.182111649609302
Mg,HCP,0.117,0.13656351017665957,0.10509576299414328,10.17456154346729
